Headline,Source,Posted,Description,Link
iPhone 12 and iPhone 12 Pro: Everything we know about Apple’s new phones,Digital Trends via Yahoo Finance,11 hours ago,"This year, it’s going to be the latter — considering Apple’s September 15 hardware event has come...",https://finance.yahoo.com/news/iphone-12-coming-fall-everything-185615475.html
"iPhone 12 Mini, iPhone 12 And iPhone 12 Pro Storage Configurations Leaked",International Business Times,14 hours ago,Rumors about Apple's upcoming iPhone 12 series handsets abound as the Cupertino tech giant has yet...,https://www.ibtimes.com/iphone-12-mini-iphone-12-iphone-12-pro-storage-configurations-leaked-3054361
The first iPhone 12 models to launch next month just leaked,BGR,2 days ago,"The first iPhone 12 versions to launch in stores in October might be the cheapest models, according...",https://bgr.com/2020/09/29/iphone-12-release-date-models-apple-event-october-13th-rumor/
"Apple Accident Confirms New iPhone 12, iPhone 12 Pro Releases",Forbes,4 days ago,"Almost every detail about the iPhone 12 line-up has leaked, from their external redesign to their...",https://www.forbes.com/sites/gordonkelly/2020/09/27/apple-iphone-12-pro-max-mini-release-upgrade-iphone-11-pro-max/
"iPhone 12 To Feature 64GB Base Storage, iPhone 12 Pro to Start With 128GB, Claims Leaker",Wccftech,2 days ago,Recent rumors point out that Apple will be hosting its iPhone 12 event on October 13th. If these...,https://wccftech.com/iphone-12-to-feature-64gb-base-storage-iphone-12-pro-to-start-with-128gb-claims-leaker/
"Apple Rumors: iPhone 12 May Not Come With EarPods In The Box, Report Says",International Business Times,15 hours ago,A minor code tweak in the second iOS 14.2 beta reveals that Apple may not be including wired earbuds...,https://www.ibtimes.com/apple-rumors-iphone-12-may-not-come-earpods-box-report-says-3054323
"iPhone 12 Pro Max, AirPods Studio And AirPower Mini Design, Features Leaked",International Business Times,3 days ago,"Details regarding Apple's upcoming products, notably the iPhone 12 Pro Max, the premium over-ear...",https://www.ibtimes.com/iphone-12-pro-max-airpods-studio-airpower-mini-design-features-leaked-3053040
Report: Apple Is Launching an iPhone 12 Mini,PC Magazine,6 days ago,"Apple has been using it for years for devices including the iPad mini, iPod mini, and Mac mini. As MacRumors reports, news of the iPhone 12 mini was...",https://www.pcmag.com/news/report-apple-is-launching-an-iphone-12-mini
iPhone 12 won’t be an “insane” change for your life,SlashGear,1 day ago,"Today we’re exploring the latest leaked details surrounding the iPhone 12 and its companions, a family of new Apple smartphones with ...",https://www.slashgear.com/iphone-12-wont-be-an-insane-change-for-your-life-29640363/
Latest iPhone 12 Leak Confirmed Major Specs And Launch Date,International Business Times,1 day ago,The latest information about the iPhone 12 and the iPhone 12 Mini came from industry insider Jon Prosser. In a recent ...,https://www.ibtimes.com/latest-iphone-12-leak-confirmed-major-specs-launch-date-3053837
iPhone 12 launch date leaked - and it suggests there's not long to wait,Daily Mirror,6 days ago,"It’s one of the most highly anticipated smartphones of 2020, and now we may finally know the launch...",https://www.mirror.co.uk/tech/iphone-12-launch-date-leaked-22740810
iPhone 12 Mini Might be Coming Soon,iTech Post,3 days ago,"Apple's iPhone 12 Mini could be announced together with its bigger siblings come mid-October. If things went according to schedule, Apple might've...",http://www.itechpost.com/articles/103820/20200928/iphone-12-mini.htm
Everything we know about the iPhone 12,The Daily Dot,1 day ago,The coronavirus pandemic has affected nearly every aspect of our lives over the last six months. The iPhone 12 won’t hit shelves in September like new...,https://www.dailydot.com/?p=879502
Apple iPhone 12 launch event may be hosted on October 13: Report,MSN News,7 days ago,Apple has officially not announced the iPhone 12 launch date nor sent out any keynote invite.,https://www.msn.com/en-in/money/topstories/apple-iphone-12-launch-event-may-be-hosted-on-october-13-report/ar-BB19mwo4
Report: Apple Is Launching an iPhone 12 Mini,PC Magazine,6 days ago,The smallest of the iPhone 12 handsets is apparently going to adopt the 'mini' name Apple uses for some of its other device models.,https://sea.pcmag.com/smartphones/39232/report-apple-is-launching-an-iphone-12-mini
Report: Apple Is Launching an iPhone 12 Mini,PC Magazine,6 days ago,The smallest of the iPhone 12 handsets is apparently going to adopt the 'mini' name Apple uses for some of its other device models.,https://au.pcmag.com/smartphones/68865/report-apple-is-launching-an-iphone-12-mini
iPhone 12 price call reveals sobering news,MSN News,3 days ago,"The iPhone 12 price has just been called by Wall Street analysts, and it reveals bad news we didn't want to hear",https://www.msn.com/en-gb/money/technology/iphone-12-price-call-reveals-sobering-news/ar-BB19ujMu
'iPhone 12 mini' Name Appears in Leaked Apple iPhone 12 Case Stickers,MacRumors,6 days ago,"Earlier this week a proven leaker claimed that the iPhone 12 lineup would be named ""iPhone 12 mini,"" ""iPhone ...",https://www.macrumors.com/2020/09/25/iphone-12-mini-appears-leaked-case-stickers/
"Apple Loop: iPhone 12 Details Confirmed, iOS 14 Secrets Exposed, Goodbye MacBook Air",Forbes,6 days ago,"Taking a look back at another week of news and headlines from Cupertino, this week’s Apple Loop...",https://www.forbes.com/sites/ewanspence/2020/09/25/apple-news-headlines-iphone-12-5g-iphone-12-mini-ipad-review-ios-14-macbook-air/
"From iPhone 12 announcement date to the new 12.9-inch iPad Pro, Latest Apple Rumor Roundup",Engadget,3 days ago,"While we still don't know when the fourth-generation iPad Air will start shipping, the focus is on...",https://japanese.engadget.com/from-i-phone-12-announcement-date-to-the-new-129-inch-i-pad-pro-latest-apple-rumor-roundup-074653166.html
iPhone 12 launch date leaks online with 4 new mobiles to be unveiled next month,The US Sun,5 days ago,A LAUNCH date for the highly anticipated iPhone 12 has been leaked online by excited Apple experts. Apple confirmed it would be launching ...,https://www.the-sun.com/lifestyle/tech/1537434/iphone-12-launch-date/
"Hot News On Apple: iPad on Sale, iPhone 12 Leaked And More",TheStreet.com,6 days ago,"Apple is always in the news. The new iPad 8 generation has just been announced, and it is already...",https://www.thestreet.com/apple/news/hot-news-on-apple-ipad-on-sale-iphone-12-leaked-and-more
iPhone 12 mini just confirmed in new leak — here's what to expect,Tom's Guide,5 days ago,The iPhone 12 mini and the names of the other new iPhone models have been seemingly confirmed by...,https://www.tomsguide.com/news/iphone-12-mini-just-confirmed-in-new-leak-heres-what-to-expect
Apple text scam circulating that claims you've been chosen for iPhone 12 trial,Daily Mirror,7 days ago,Researchers from Sophos have warned of a new text scam that tricks users into thinking they’re eligible for an iPhone 12 trial. The text appears to be from ...,https://www.mirror.co.uk/tech/apple-text-scam-claims-youve-22735743
OnePlus 8T reveals its secret for taking on the iPhone 12,MSN News,7 days ago,"With both smartphones launching in the same week, the OnePlus 8T has a trick up its sleeve to beat iPhone 12",https://www.msn.com/en-gb/money/technology/oneplus-8t-reveals-its-secret-for-taking-on-the-iphone-12/ar-BB19mQc9
iPhone 12 braided USB-C may finally fix Apple cord rep,SlashGear,5 days ago,"As the iPhone 12 is near to launch, leaks indicate the appearance of a USB-C cord in the box. On...",https://www.slashgear.com/iphone-12-braided-usb-c-may-finally-fix-apple-cord-rep-25639918/
Apple’s iPhone SE Faces Its Biggest Threat,Forbes,3 days ago,"With the launch of the iPhone SE, Apple knew it would have a hit on its hands. The diminutive SE matched the power of the iPhone 11 family with the A13...",https://www.forbes.com/sites/ewanspence/2020/09/28/apple-iphone-se-ios-a13-bionc-iphone-12-mini-specifications-price-better/
"New iPhone 12 release date, specs, price, leaks and latest rumours",RadioTimes,2 days ago,"Despite fierce competition from smartphone manufacturing giants across the globe, the Apple iPhone...",https://www.radiotimes.com/technology/2020-09-28/iphone-12-release-date/
"A photo of a sticker that says ""iPhone 12 mini"" presumably for a genuine Apple case, is leaked",Engadget,5 days ago,This article is based on an article from the Japanese edition of Engadget and was created using the translation tool Deepl. Rumors that Apple's flagship iPhone series this ...,https://japanese.engadget.com/a-photo-of-a-sticker-that-says-i-phone-12-mini-presumably-for-a-genuine-apple-case-is-leaked-045009781.html
Everything we know about the iPhone 12 and iPhone 12 Pro - 9to5Mac,9to5Mac,2 days ago,This fall is shaping up to be a busy one for the iPhone. Apple is rumored to be preparing four...,https://9to5mac.com/2020/09/28/iphone-12-features-release-date/
iPhone users say iOS 14 is draining their battery - here's what's going on,Daily Mirror,3 days ago,"From newly designed widgets to pinned conversations, Apple’s latest iOS 14 update is jampacked with...",https://www.mirror.co.uk/tech/iphone-users-say-ios-14-22752928
New Images Leak of iPhone 12 Braided USB-C to Lightning Cable,MacRumors,7 days ago,Rumors suggest Apple's upcoming iPhone 12 models will ship with a new Lightning to USB-C cable that...,https://www.macrumors.com/2020/09/24/leaked-iphone-12-braided-usb-c-to-lightning-cable/
Palantir IPO: Deep-Dive Analysis,Forbes,2 days ago,"The name is well-known and what the company does has circulated for years, which in a nutshell, is data mining for the government — and now, commercial...",https://www.forbes.com/sites/bethkindig/2020/09/29/palantir-ipo-deep-dive-analysis/
"AirPods Studio release date, specs, design: Wireless over-the-ear headphones to arrive in stores...",EconoTimes,13 hours ago,It became apparent earlier this year that Apple fans would not be seeing the successors of AirPods 2...,http://www.econotimes.com/AirPods-Studio-release-date-specs-design-Wireless-over-the-ear-headphones-to-arrive-in-stores-before-2020-ends-1593148
"Google Pixel 5 launch: release date, specs and pre-order news",MSN News,6 hours ago,"The Pixel 5 is official and we have all the details on the new flagship mobile: ""the ultimate 5G Google phone"".",https://www.msn.com/en-gb/money/technology/google-pixel-5-launch-release-date-specs-and-pre-order-news/ar-BB19Ajvv
"Huawei Mate 40 Pro New Details Leak Showing Gorgeous Curved Display, 4 Cameras",Forbes,5 days ago,"The next Huawei phones, the Mate 40 Series, seem certain to be the very last to feature the...",https://www.forbes.com/sites/davidphelan/2020/09/26/huawei-mate-40-pro-new-details-leak-showing-gorgeous-curved-display-4-cameras/
iPhone 12 launch event: When it’s happening and what to expect,Tom's Guide,5 days ago,Your only iPhone 12-adjacent bit of news was the hasty announcement of iOS 14's release — the software that's going to come pre-installed on Apple's new ...,https://www.tomsguide.com/news/iphone-12-launch-event-when-its-happening-and-what-to-expect
NHS Covid-19 app – Does it work on my mobile and can old iPhones download it?,The US Sun,5 days ago,THE UK's Covid-19 test and trace app finally launched yesterday in a bid to quell the spread of the...,https://www.the-sun.com/lifestyle/tech/1533495/nhs-covid-19-app-does-work-old-iphone-download/
Google Pixel 5 photos leaked right before launch — here it is,Tom's Guide,14 hours ago,"The Pixel 5 will be shown off today by Google for the first time, but you can see it in the flesh...",https://www.tomsguide.com/news/google-pixel-5-photos-leaked-right-before-launch-here-it-is
OnePlus 8T first look video reveals four GORGEOUS new colours,MSN News,2 days ago,OnePlus 8T look sublime in these stunning new colorways,https://www.msn.com/en-gb/money/technology/oneplus-8t-first-look-video-reveals-four-gorgeous-new-colours/ar-BB19vr0U
Google Pixel 5 price just leaked — and it's bad news,Tom's Guide,5 days ago,"The Pixel 5 is going to be a different kind of flagship phone from Google, with more modest specs to achieve a lower price point than the company's...",https://www.tomsguide.com/news/google-pixel-5-price-just-leaked-and-its-bad-news
AirPods Studio could get this killer feature for iPhone owners,Tom's Guide,4 days ago,Apple’s first own-brand over-ear headphones — are expected to release before the year is out. The...,https://www.tomsguide.com/news/airpods-studio-could-get-this-killer-feature-for-iphone-owners
Pixel 5 price just leaked — from Google itself,Tom's Guide,3 days ago,"Google Japan’s Twitter account accidentally posted a tweet of the Google Pixel 5, revealing the phone’s design and its price mere days before its...",https://www.tomsguide.com/news/pixel-5-price-just-leaked-from-google-itself
Google Pixel 5 photos just leaked hours before launch,Tom's Guide,15 hours ago,"The Pixel 5 will be shown off tonight by Google for the first time, but you can see it in the flesh...",https://www.tomsguide.com/news/pixel-5-just-got-a-major-leak-hours-before-it-gets-announced
Upcoming Pixel Event Is Good News for Alphabet Stock,InvestorPlace,3 days ago,"Amid a tech sector selloff, GOOG stock slumped more than 13% over the past three weeks. Alphabet stock earns a ‘B’ rating in Portfolio Grader. The...",https://investorplace.com/2020/09/upcoming-pixel-event-is-good-news-for-alphabet-stock/
Apple may soon launch a pair of over-ear headphones that you can customize like the Apple Watch —...,Business Insider via Yahoo News,3 days ago,"Apple is expected to release a pair of wireless over-ear headphones with premium sound quality,...",https://news.yahoo.com/apple-may-working-pair-high-210216065.html
Google's Pixel 5 dilemma: How to emerge from the smartphone shadows,Tom's Guide,4 days ago,"Google hopes to make a splash with its latest Pixel phone, and every fall, the same thing inevitably happens. No matter how good the Pixel turns out to be — and recent models have certainly ...",https://www.tomsguide.com/news/googles-pixel-5-dilemma-how-to-emerge-from-the-smartphone-shadows
Google Pixel 5 full specs just leaked — this could be the perfect affordable flagship,Tom's Guide,7 days ago,"Another load of Pixel 5 specs have leaked, and have helped answer some of the few remaining questions we have about the handset. Although we've seen Pixel 5 specs leak before ...",https://www.tomsguide.com/news/google-pixel-5-full-specs-just-leaked-this-could-be-the-perfect-affordable-flagship
Samsung Galaxy S20 FE vs. OnePlus 8T: Which budget flagship will win?,Tom's Guide,3 days ago,"Samsung and OnePlus are among those leading the charge, as the recently-unveiled Galaxy S20 FE (that...",https://www.tomsguide.com/news/samsung-galaxy-s20-fe-vs-oneplus-8t
"Leaked Google Pixel 5 Specs Confirm Premium Build, Mid-Range Specs, More",International Business Times,7 days ago,The alleged full specifications of the upcoming Google Pixel 5 surfaced online ahead of its...,https://www.ibtimes.com/leaked-google-pixel-5-specs-confirm-premium-build-mid-range-specs-more-3051084
Huawei ban timeline: China may launch antitrust probe into Google following Huawei push,CNET,11 hours ago,Here's a breakdown of the controversial Chinese telecom and phone maker's saga so far.,https://www.cnet.com/news/huawei-ban-full-timeline-us-restrictions-china-trump-android-google-ban-antitrust/
"Google Pixel 5, Pixel 4a 5G renders and specs leak: Mint Green color, Snapdragon 765G, and more",MSN News,6 days ago,Google’s Pixel lineup for 2020 has been announced in a vastly different way than before. The Pixel...,https://www.msn.com/en-in/money/technology/google-pixel-5-pixel-4a-5g-renders-and-specs-leak-mint-green-color-snapdragon-765g-and-more/ar-BB19pkbI
"PSA: No, iOS 14 widgets can’t secretly steal private info with your keyboard - 9to5Mac",9to5Mac,2 days ago,"A conspiracy theory being spread on Facebook and other social media platforms this week claims that iOS 14 widgets are actually serving as key loggers, tracking everything you type on your & ...",https://9to5mac.com/2020/09/28/ios-14-widgets-privacy-not-key-loggers/
Samsung Galaxy S21 benchmarks and battery just leaked — and they're disappointing,Tom's Guide,7 days ago,"Benchmarks for the Samsung Galaxy S21 have been discovered, and it's looking like bad news for...",https://www.tomsguide.com/news/samsung-galaxy-s21-benchmarks-and-battery-just-leaked-and-theyre-disappointing
"England and Wales finally get contact-tracing app after months of delays — bit shit, but it’ll do",TNW,7 days ago,"After months of delays, U-turns, technical issues, and criticism from privacy campaigners, the UK...",https://thenextweb.com/neural/2020/09/24/england-and-wales-finally-get-contact-tracing-app-after-months-of-delays-bit-shit-but-itll-do/
Here's all you need to know about Amazon's new range of autumn gadgets,The US Sun,4 days ago,"EVERY September, Amazon unveils a dizzying array of new gear. THE new Echo speaker is not shaped like a tube of Pringles. Amazon has chosen a spherical shape with a fabric finish and an LED ...",https://www.the-sun.com/lifestyle/tech/1539767/amazon-new-products-drone-fire-stick/
Google just leaked Pixel 5 pricing and preorder info,BGR,3 days ago,"The Pixel 5 isn’t even official, but Google mistakenly announced preorders for Japan, complete with pricing details, a few days before its press event....",https://bgr.com/2020/09/28/pixel-5-release-date-google-japan-leaks-preorder-price/
Google’s best Pixel 5 model just leaked – and it isn’t actually a Pixel 5 at all,BGR,7 days ago,"Google is about to launch the Pixel 5 series, which will mark the start of an important new era for Google phones. The Pixel 5 will not feature the high-end hardware we’re used to seeing on ...",https://bgr.com/2020/09/24/pixel-4a-5g-specs-and-design-leak-vs-pixel-5/
The Morning After: Samsung's new Galaxy S20 is a flagship for the rest of us,Engadget,7 days ago,"This afternoon, Amazon’s going to unveil a bunch of new devices, and while we assume many of them...",https://www.engadget.com/galaxy-s20-fane-edition-tma-113347458.html
Google Pixel 5 release date just leaked — here's when you can get it,Tom's Guide,5 days ago,"If you were planning on picking up a new Pixel phone this fall, you may be waiting longer than expected, at least if you had your eye on the upcoming Pixel 4a 5G. A new leak revealing ship dates ...",https://www.tomsguide.com/news/google-pixel-5-release-date-just-leaked-heres-when-you-can-get-it
